ID_hecho,FECHA,ROL,SEXO,EDAD,FECHA_FALLECIMIENTO
2016-0001,1/1/2016,CONDUCTOR,MASCULINO,19.0,1/1/2016
2016-0002,1/2/2016,CONDUCTOR,MASCULINO,70.0,1/2/2016
2016-0003,1/3/2016,CONDUCTOR,MASCULINO,30.0,1/3/2016
2016-0004,1/10/2016,CONDUCTOR,MASCULINO,18.0,SD
2016-0005,1/21/2016,CONDUCTOR,MASCULINO,29.0,2/1/2016
2016-0008,1/24/2016,CONDUCTOR,MASCULINO,30.0,1/24/2016
2016-0009,1/24/2016,PASAJERO,MASCULINO,29.0,1/26/2016
2016-0010,1/29/2016,CONDUCTOR,MASCULINO,18.0,1/29/2016
2016-0012,2/8/2016,CONDUCTOR,MASCULINO,22.0,2/8/2016
2016-0013,2/10/2016,PEATON,MASCULINO,16.0,2/10/2016
2016-0015,2/14/2016,PEATON,FEMENINO,16.0,2/14/2016
2016-0016,2/14/2016,PASAJERO,FEMENINO,19.0,2/14/2016
2016-0017,2/15/2016,PEATON,MASCULINO,59.0,2/16/2016
2016-0019,2/17/2016,PEATON,FEMENINO,65.0,2/17/2016
2016-0020,2/17/2016,PEATON,MASCULINO,59.0,3/2/2016
2016-0021,2/17/2016,CONDUCTOR,MASCULINO,34.0,2/17/2016
2016-0022,2/21/2016,PASAJERO,MASCULINO,41.0,SD
2016-0025,2/28/2016,PASAJERO,MASCULINO,34.0,2/28/2016
2016-0026,2/28/2016,CONDUCTOR,MASCULINO,30.0,3/4/2016
2016-0027,2/28/2016,PASAJERO,MASCULINO,34.0,SD
2016-0028,3/2/2016,PEATON,MASCULINO,50.0,3/2/2016
2016-0029,3/4/2016,PEATON,MASCULINO,38.0,3/4/2016
2016-0031,3/8/2016,CONDUCTOR,MASCULINO,21.0,SD
2016-0034,3/12/2016,PEATON,MASCULINO,52.0,3/12/2016
2016-0035,3/13/2016,CONDUCTOR,MASCULINO,34.0,3/13/2016
2016-0036,3/14/2016,PASAJERO,MASCULINO,36.0,3/14/2016
2016-0037,3/19/2016,CONDUCTOR,MASCULINO,20.0,3/19/2016
2016-0038,3/21/2016,PEATON,MASCULINO,29.0,3/21/2016
2016-0039,3/23/2016,CONDUCTOR,MASCULINO,20.0,3/23/2016
2016-0041,3/29/2016,CONDUCTOR,MASCULINO,54.0,3/29/2016
2016-0041,3/29/2016,PASAJERO,MASCULINO,,3/30/2016
2016-0043,3/30/2016,PEATON,FEMENINO,56.0,3/30/2016
2016-0044,3/31/2016,CONDUCTOR,MASCULINO,24.0,3/31/2016
2016-0045,4/11/2016,CONDUCTOR,MASCULINO,,SD
2016-0047,4/15/2016,PEATON,MASCULINO,41.0,4/15/2016
2016-0048,4/15/2016,PEATON,FEMENINO,,SD
2016-0049,4/17/2016,SD,SD,,SD
2016-0050,4/19/2016,PEATON,MASCULINO,78.0,4/19/2016
2016-0051,4/20/2016,CONDUCTOR,MASCULINO,36.0,4/20/2016
2016-0052,4/20/2016,SD,SD,,SD
2016-0053,4/22/2016,PEATON,MASCULINO,38.0,4/22/2016
2016-0054,4/23/2016,CONDUCTOR,MASCULINO,30.0,4/25/2016
2016-0055,4/25/2016,PEATON,MASCULINO,79.0,4/28/2016
2016-0056,4/26/2016,CONDUCTOR,MASCULINO,26.0,4/26/2016
2016-0058,5/4/2016,PEATON,FEMENINO,57.0,5/8/2016
2016-0059,5/8/2016,PEATON,MASCULINO,37.0,5/26/2016
2016-0064,5/14/2016,PEATON,MASCULINO,20.0,SD
2016-0065,5/20/2016,PEATON,MASCULINO,20.0,5/20/2016
2016-0067,5/21/2016,PASAJERO,FEMENINO,30.0,SD
2016-0068,5/22/2016,CONDUCTOR,MASCULINO,58.0,SD
2016-0069,5/23/2016,CONDUCTOR,MASCULINO,30.0,5/23/2016
2016-0073,6/11/2016,CONDUCTOR,MASCULINO,23.0,SD
2016-0074,6/12/2016,CONDUCTOR,MASCULINO,60.0,SD
2016-0075,6/12/2016,PEATON,MASCULINO,42.0,6/12/2016
2016-0076,6/13/2016,PEATON,FEMENINO,53.0,6/13/2016
2016-0077,6/13/2016,PEATON,FEMENINO,,SD
2016-0078,6/13/2016,CONDUCTOR,MASCULINO,30.0,SD
2016-0079,6/16/2016,CONDUCTOR,FEMENINO,51.0,SD
2016-0080,6/18/2016,CONDUCTOR,MASCULINO,60.0,SD
2016-0081,6/22/2016,CONDUCTOR,MASCULINO,40.0,SD
2016-0082,6/27/2016,PEATON,MASCULINO,87.0,7/5/2016
2016-0083,6/28/2016,PEATON,FEMENINO,76.0,6/29/2016
2016-0084,6/29/2016,PEATON,MASCULINO,57.0,7/8/2016
2016-0085,6/29/2016,SD,MASCULINO,,SD
2016-0086,6/30/2016,PEATON,MASCULINO,75.0,7/1/2016
2016-0087,7/3/2016,CONDUCTOR,MASCULINO,23.0,7/3/2016
2016-0088,7/11/2016,PEATON,FEMENINO,70.0,7/14/2016
2016-0089,7/14/2016,PEATON,MASCULINO,35.0,7/14/2016
2016-0090,7/14/2016,PEATON,MASCULINO,60.0,7/15/2016
2016-0092,7/15/2016,CONDUCTOR,MASCULINO,24.0,7/15/2016
2016-0093,7/17/2016,CONDUCTOR,MASCULINO,35.0,7/19/2016
2016-0095,7/23/2016,CONDUCTOR,MASCULINO,29.0,7/23/2016
2016-0096,7/25/2016,CONDUCTOR,MASCULINO,,SD
2016-0097,7/26/2016,PEATON,MASCULINO,80.0,8/12/2016
2016-0098,7/27/2016,CONDUCTOR,FEMENINO,43.0,SD
2016-0099,7/29/2016,CONDUCTOR,MASCULINO,45.0,SD
2016-0100,8/3/2016,CONDUCTOR,MASCULINO,57.0,8/3/2016
2016-0101,8/7/2016,SD,MASCULINO,67.0,SD
2016-0102,8/10/2016,CONDUCTOR,MASCULINO,29.0,SD
2016-0104,8/14/2016,CONDUCTOR,MASCULINO,21.0,8/15/2016
2016-0105,8/17/2016,PEATON,MASCULINO,19.0,8/26/2016
2016-0106,8/19/2016,PEATON,MASCULINO,38.0,SD
2016-0107,8/20/2016,CONDUCTOR,MASCULINO,21.0,SD
2016-0109,8/24/2016,CONDUCTOR,FEMENINO,53.0,8/24/2016
2016-0110,8/24/2016,PEATON,MASCULINO,57.0,SD
2016-0111,8/25/2016,CONDUCTOR,MASCULINO,27.0,8/25/2016
2016-0112,8/27/2016,CONDUCTOR,MASCULINO,24.0,8/27/2016
2016-0113,8/27/2016,PEATON,FEMENINO,60.0,SD
2016-0114,8/31/2016,CICLISTA,FEMENINO,55.0,8/31/2016
2016-0115,9/2/2016,SD,MASCULINO,,SD
2016-0116,9/2/2016,CONDUCTOR,MASCULINO,30.0,9/2/2016
2016-0117,9/3/2016,CONDUCTOR,MASCULINO,43.0,SD
2016-0118,9/4/2016,CONDUCTOR,MASCULINO,27.0,9/4/2016
2016-0119,9/4/2016,PASAJERO,FEMENINO,,SD
2016-0122,9/13/2016,CICLISTA,MASCULINO,49.0,9/13/2016
2016-0123,9/14/2016,CONDUCTOR,FEMENINO,58.0,SD
2016-0124,9/16/2016,PEATON,MASCULINO,67.0,SD
2016-0125,9/17/2016,CONDUCTOR,MASCULINO,30.0,SD
2016-0126,9/18/2016,CONDUCTOR,MASCULINO,37.0,SD
2016-0126,9/18/2016,PASAJERO,MASCULINO,60.0,SD
2016-0127,9/24/2016,PEATON,MASCULINO,50.0,SD
2016-0128,10/2/2016,PEATON,FEMENINO,81.0,10/2/2016
2016-0130,10/4/2016,CONDUCTOR,MASCULINO,29.0,10/4/2016
2016-0131,10/9/2016,PEATON,MASCULINO,35.0,SD
2016-0132,10/10/2016,PASAJERO,MASCULINO,30.0,10/10/2016
2016-0133,10/14/2016,CONDUCTOR,MASCULINO,41.0,10/25/2016
2016-0134,10/23/2016,CONDUCTOR,MASCULINO,25.0,10/23/2016
2016-0135,10/24/2016,PEATON,MASCULINO,29.0,10/25/2016
2016-0136,10/25/2016,CONDUCTOR,SD,,SD
2016-0137,10/25/2016,CONDUCTOR,MASCULINO,30.0,SD
2016-0138,10/27/2016,CICLISTA,FEMENINO,33.0,SD
2016-0139,10/28/2016,PASAJERO,FEMENINO,35.0,SD
2016-0140,10/31/2016,PASAJERO,MASCULINO,20.0,SD
2016-0142,11/5/2016,CONDUCTOR,MASCULINO,46.0,11/5/2016
2016-0143,11/6/2016,CONDUCTOR,MASCULINO,35.0,SD
2016-0144,11/7/2016,PEATON,MASCULINO,83.0,SD
2016-0145,11/7/2016,CONDUCTOR,MASCULINO,39.0,11/7/2016
2016-0146,11/9/2016,PEATON,FEMENINO,29.0,SD
2016-0147,11/16/2016,PASAJERO,MASCULINO,55.0,11/16/2016
2016-0148,11/16/2016,CONDUCTOR,MASCULINO,,SD
2016-0150,11/18/2016,PASAJERO,MASCULINO,41.0,11/18/2016
2016-0151,11/18/2016,PEATON,SD,,SD
2016-0152,11/23/2016,CONDUCTOR,MASCULINO,42.0,11/24/2016
2016-0153,11/25/2016,PEATON,FEMENINO,83.0,11/25/2016
2016-0154,11/26/2016,CONDUCTOR,MASCULINO,38.0,SD
2016-0155,11/26/2016,PEATON,FEMENINO,29.0,SD
2016-0156,11/26/2016,CONDUCTOR,MASCULINO,23.0,11/30/2016
2016-0157,12/3/2016,CONDUCTOR,MASCULINO,23.0,SD
2016-0159,12/4/2016,CONDUCTOR,MASCULINO,23.0,SD
2016-0160,12/6/2016,CONDUCTOR,MASCULINO,29.0,12/6/2016
2016-0161,12/6/2016,PEATON,MASCULINO,50.0,12/6/2016
2016-0162,12/7/2016,PEATON,MASCULINO,38.0,1/1/2017
2016-0163,12/10/2016,CONDUCTOR,MASCULINO,23.0,SD
2016-0164,12/11/2016,CONDUCTOR,MASCULINO,29.0,SD
2016-0165,12/12/2016,CICLISTA,MASCULINO,37.0,SD
2016-0168,12/13/2016,CONDUCTOR,MASCULINO,43.0,12/13/2016
2016-0169,12/15/2016,CONDUCTOR,MASCULINO,24.0,12/16/2016
2016-0170,12/19/2016,PASAJERO,MASCULINO,21.0,12/19/2016
2016-0171,12/25/2016,CONDUCTOR,SD,,SD
2016-0172,12/26/2016,CONDUCTOR,MASCULINO,38.0,12/26/2016
2016-0173,12/26/2016,CONDUCTOR,MASCULINO,35.0,SD
2016-0174,12/27/2016,SD,SD,,SD
2016-0175,12/27/2016,PEATON,FEMENINO,,SD
2016-0176,12/28/2016,CONDUCTOR,MASCULINO,28.0,SD
2016-0177,12/29/2016,PEATON,FEMENINO,27.0,SD
2016-0178,12/30/2016,PEATON,FEMENINO,7.0,SD
2017-0001,1/2/2017,CONDUCTOR,MASCULINO,18.0,1/2/2017
2017-0003,1/5/2017,PASAJERO,MASCULINO,33.0,1/5/2017
2017-0007,1/11/2017,PEATON,MASCULINO,48.0,1/11/2017
2017-0008,1/16/2017,CONDUCTOR,MASCULINO,29.0,1/16/2017
2017-0009,1/16/2017,CONDUCTOR,MASCULINO,36.0,1/16/2017
2017-0010,1/16/2017,CONDUCTOR,MASCULINO,23.0,1/16/2017
2017-0011,1/22/2017,PASAJERO,FEMENINO,29.0,1/22/2017
2017-0012,1/24/2017,CONDUCTOR,MASCULINO,30.0,1/24/2017
2017-0013,1/27/2017,PEATON,MASCULINO,4.0,1/27/2017
2017-0014,1/28/2017,PASAJERO,FEMENINO,22.0,1/28/2017
2017-0015,2/2/2017,PEATON,MASCULINO,82.0,2/21/2017
2017-0016,2/3/2017,CONDUCTOR,MASCULINO,27.0,2/4/2017
2017-0017,2/6/2017,CONDUCTOR,MASCULINO,32.0,2/6/2017
2017-0018,2/9/2017,CONDUCTOR,MASCULINO,30.0,2/9/2017
2017-0021,2/18/2017,CONDUCTOR,MASCULINO,43.0,2/18/2017
2017-0024,2/23/2017,PEATON,MASCULINO,39.0,2/23/2017
2017-0025,2/24/2017,CONDUCTOR,MASCULINO,23.0,2/24/2017
2017-0026,2/26/2017,PASAJERO,FEMENINO,23.0,2/26/2017
2017-0026,2/26/2017,CONDUCTOR,MASCULINO,19.0,2/26/2017
2017-0027,2/26/2017,PEATON,MASCULINO,,2/26/2017
2017-0028,2/28/2017,PEATON,MASCULINO,87.0,2/28/2017
2017-0029,3/7/2017,SD,MASCULINO,34.0,3/7/2017
2017-0030,3/7/2017,CONDUCTOR,FEMENINO,27.0,3/7/2017
2017-0031,3/11/2017,PASAJERO,MASCULINO,70.0,3/11/2017
2017-0032,3/12/2017,PASAJERO,FEMENINO,40.0,3/12/2017
2017-0033,3/12/2017,CONDUCTOR,MASCULINO,28.0,3/12/2017
2017-0034,3/13/2017,PEATON,MASCULINO,43.0,3/13/2017
2017-0035,3/23/2017,CONDUCTOR,MASCULINO,28.0,3/23/2017
2017-0035,3/23/2017,PASAJERO,MASCULINO,32.0,3/23/2017
2017-0035,3/23/2017,PASAJERO,MASCULINO,30.0,3/23/2017
2017-0036,3/29/2017,PASAJERO,FEMENINO,,3/29/2017
2017-0036,3/29/2017,CONDUCTOR,MASCULINO,20.0,3/29/2017
2017-0037,3/31/2017,CONDUCTOR,MASCULINO,41.0,3/31/2017
2017-0038,4/1/2017,CONDUCTOR,FEMENINO,40.0,4/1/2017
2017-0040,4/3/2017,CONDUCTOR,MASCULINO,43.0,4/3/2017
2017-0041,4/3/2017,CONDUCTOR,MASCULINO,17.0,SD
2017-0042,4/10/2017,CONDUCTOR,MASCULINO,,4/10/2017
2017-0045,4/14/2017,CONDUCTOR,MASCULINO,21.0,4/14/2017
2017-0047,4/23/2017,CONDUCTOR,MASCULINO,37.0,4/23/2017
2017-0049,4/27/2017,PEATON,MASCULINO,22.0,4/27/2017
2017-0050,4/28/2017,CONDUCTOR,MASCULINO,46.0,4/28/2017
2017-0050,4/28/2017,PASAJERO,MASCULINO,16.0,4/28/2017
2017-0051,5/1/2017,CONDUCTOR,MASCULINO,33.0,5/1/2017
2017-0052,5/5/2017,PEATON,FEMENINO,47.0,5/5/2017
2017-0053,5/5/2017,CONDUCTOR,MASCULINO,28.0,5/5/2017
2017-0054,5/7/2017,PASAJERO,FEMENINO,20.0,5/7/2017
2017-0055,5/9/2017,CONDUCTOR,MASCULINO,32.0,5/9/2017
2017-0058,5/9/2017,PEATON,MASCULINO,80.0,5/9/2017
2017-0059,5/11/2017,PEATON,FEMENINO,39.0,5/11/2017
2017-0060,5/13/2017,PASAJERO,MASCULINO,30.0,5/13/2017
2017-0061,5/15/2017,PEATON,MASCULINO,47.0,5/16/2017
2017-0062,5/15/2017,CONDUCTOR,MASCULINO,35.0,5/15/2017
2017-0063,5/17/2017,PEATON,FEMENINO,79.0,5/17/2017
2017-0064,5/20/2017,PASAJERO,MASCULINO,61.0,5/20/2017
2017-0065,5/22/2017,CICLISTA,MASCULINO,21.0,5/22/2017
2017-0066,5/22/2017,PEATON,MASCULINO,10.0,5/22/2017
2017-0067,5/23/2017,CONDUCTOR,MASCULINO,21.0,5/23/2017
2017-0068,5/27/2017,CONDUCTOR,MASCULINO,32.0,5/27/2017
2017-0069,5/29/2017,CONDUCTOR,MASCULINO,39.0,5/29/2017
2017-0070,5/30/2017,PEATON,MASCULINO,80.0,5/31/2017
2017-0072,6/3/2017,CONDUCTOR,MASCULINO,25.0,6/3/2017
2017-0073,6/4/2017,CONDUCTOR,MASCULINO,19.0,6/4/2017
2017-0074,6/4/2017,SD,MASCULINO,70.0,6/4/2017
2017-0075,6/12/2017,PEATON,MASCULINO,55.0,6/12/2017
2017-0076,6/13/2017,PEATON,FEMENINO,30.0,6/13/2017
2017-0077,6/17/2017,CONDUCTOR,FEMENINO,60.0,6/18/2017
2017-0079,6/19/2017,CONDUCTOR,MASCULINO,33.0,6/19/2017
2017-0080,6/22/2017,PEATON,FEMENINO,95.0,6/22/2017
2017-0082,6/25/2017,PEATON,MASCULINO,36.0,6/25/2017
2017-0083,7/4/2017,CONDUCTOR,MASCULINO,37.0,7/4/2017
2017-0084,7/5/2017,PEATON,FEMENINO,73.0,7/5/2017
2017-0085,7/7/2017,PEATON,MASCULINO,84.0,7/7/2017
2017-0086,7/9/2017,PEATON,FEMENINO,30.0,7/9/2017
2017-0087,7/10/2017,PEATON,FEMENINO,73.0,7/10/2017
2017-0088,7/10/2017,PEATON,MASCULINO,43.0,7/10/2017
2017-0089,7/13/2017,SD,MASCULINO,23.0,SD
2017-0090,7/15/2017,PEATON,MASCULINO,22.0,7/15/2017
2017-0091,7/15/2017,CONDUCTOR,MASCULINO,58.0,7/15/2017
2017-0092,7/24/2017,PEATON,MASCULINO,66.0,7/24/2017
2017-0093,7/25/2017,PEATON,MASCULINO,,7/25/2017
2017-0094,7/27/2017,CICLISTA,FEMENINO,56.0,7/27/2017
2017-0095,8/6/2017,CONDUCTOR,MASCULINO,36.0,8/6/2017
2017-0096,8/7/2017,PEATON,MASCULINO,87.0,8/7/2017
2017-0098,8/8/2017,PEATON,FEMENINO,61.0,8/8/2017
2017-0099,8/17/2017,CICLISTA,MASCULINO,28.0,8/17/2017
2017-0100,8/21/2017,PASAJERO,FEMENINO,16.0,8/21/2017
2017-0101,8/23/2017,PEATON,FEMENINO,61.0,8/23/2017
2017-0102,8/24/2017,PEATON,MASCULINO,46.0,8/24/2017
2017-0104,8/25/2017,PEATON,FEMENINO,18.0,8/25/2017
2017-0106,8/31/2017,PEATON,FEMENINO,85.0,8/31/2017
2017-0107,9/1/2017,CONDUCTOR,MASCULINO,41.0,9/1/2017
2017-0108,9/2/2017,PASAJERO,MASCULINO,17.0,9/2/2017
2017-0108,9/2/2017,PASAJERO,MASCULINO,10.0,9/2/2017
2017-0109,9/4/2017,CONDUCTOR,MASCULINO,21.0,9/5/2017
2017-0110,9/6/2017,PEATON,MASCULINO,56.0,9/7/2017
2017-0111,9/7/2017,PEATON,FEMENINO,79.0,9/7/2017
2017-0112,9/10/2017,PASAJERO,MASCULINO,1.0,SD
2017-0112,9/10/2017,PASAJERO,MASCULINO,,9/13/2017
2017-0113,9/11/2017,PEATON,FEMENINO,76.0,9/11/2017
2017-0114,9/15/2017,CONDUCTOR,MASCULINO,26.0,9/15/2017
2017-0115,9/19/2017,CONDUCTOR,MASCULINO,34.0,SD
2017-0116,9/20/2017,CONDUCTOR,MASCULINO,22.0,9/20/2017
2017-0118,9/22/2017,PASAJERO,FEMENINO,26.0,9/29/2017
2017-0120,10/2/2017,CONDUCTOR,MASCULINO,20.0,10/2/2017
2017-0123,10/10/2017,PEATON,FEMENINO,36.0,10/10/2017
2017-0124,10/12/2017,CONDUCTOR,MASCULINO,51.0,10/12/2017
2017-0125,10/13/2017,CONDUCTOR,MASCULINO,29.0,10/13/2017
2017-0126,10/14/2017,PASAJERO,MASCULINO,39.0,SD
2017-0126,10/14/2017,CONDUCTOR,MASCULINO,36.0,10/14/2017
2017-0127,10/16/2017,PASAJERO,MASCULINO,24.0,10/16/2017
2017-0128,10/17/2017,PEATON,FEMENINO,60.0,10/17/2017
2017-0129,10/26/2017,CONDUCTOR,MASCULINO,57.0,10/26/2017
2017-0130,10/27/2017,CONDUCTOR,MASCULINO,23.0,10/27/2017
2017-0132,10/30/2017,CONDUCTOR,MASCULINO,23.0,10/30/2017
2017-0134,11/6/2017,PEATON,FEMENINO,47.0,11/6/2017
2017-0135,11/7/2017,CONDUCTOR,MASCULINO,24.0,11/7/2017
2017-0136,11/16/2017,PEATON,MASCULINO,55.0,11/16/2017
2017-0137,11/17/2017,PEATON,FEMENINO,60.0,11/17/2017
2017-0138,11/19/2017,PASAJERO,MASCULINO,25.0,11/19/2017
2017-0139,11/19/2017,PASAJERO,FEMENINO,15.0,11/19/2017
2017-0140,11/19/2017,CONDUCTOR,MASCULINO,24.0,11/19/2017
2017-0141,11/23/2017,PEATON,FEMENINO,22.0,11/23/2017
2017-0143,11/25/2017,CONDUCTOR,MASCULINO,50.0,11/25/2017
2017-0144,11/26/2017,PASAJERO,FEMENINO,50.0,11/26/2017
2017-0145,11/26/2017,CONDUCTOR,MASCULINO,58.0,11/26/2017
2017-0147,11/28/2017,CONDUCTOR,MASCULINO,49.0,11/28/2017
2017-0148,11/29/2017,PEATON,FEMENINO,82.0,11/29/2017
2017-0149,11/30/2017,PEATON,MASCULINO,13.0,11/30/2017
2017-0150,12/4/2017,PEATON,MASCULINO,56.0,12/4/2017
2017-0151,12/4/2017,PEATON,MASCULINO,,12/4/2017
2017-0152,12/6/2017,CICLISTA,MASCULINO,19.0,12/6/2017
2017-0153,12/11/2017,PASAJERO,MASCULINO,,12/12/2017
2017-0153,12/11/2017,CONDUCTOR,MASCULINO,30.0,12/12/2017
2017-0154,12/11/2017,PEATON,MASCULINO,76.0,12/11/2017
2017-0155,12/12/2017,SD,MASCULINO,77.0,SD
2017-0157,12/17/2017,CONDUCTOR,MASCULINO,53.0,12/17/2017
2017-0158,12/18/2017,CONDUCTOR,MASCULINO,32.0,12/18/2017
2017-0159,12/20/2017,CONDUCTOR,MASCULINO,27.0,12/20/2017
2017-0160,12/22/2017,PEATON,FEMENINO,30.0,12/22/2017
2017-0161,12/26/2017,PEATON,FEMENINO,30.0,12/26/2017
2018-0001,1/1/2018,PEATON,MASCULINO,83.0,1/2/2018
2018-0002,1/3/2018,CICLISTA,FEMENINO,26.0,1/3/2018
2018-0003,1/5/2018,PEATON,FEMENINO,58.0,1/5/2018
2018-0004,1/9/2018,CONDUCTOR,MASCULINO,39.0,1/9/2018
2018-0005,1/9/2018,PEATON,MASCULINO,54.0,1/9/2018
2018-0006,1/10/2018,CICLISTA,FEMENINO,45.0,1/10/2018
2018-0007,1/11/2018,CONDUCTOR,MASCULINO,46.0,1/11/2018
2018-0008,1/12/2018,CONDUCTOR,FEMENINO,32.0,1/12/2018
2018-0009,1/14/2018,CONDUCTOR,MASCULINO,19.0,1/14/2018
2018-0010,1/18/2018,CONDUCTOR,MASCULINO,40.0,1/18/2018
2018-0011,1/19/2018,PEATON,MASCULINO,84.0,1/19/2018
2018-0012,1/26/2018,CONDUCTOR,MASCULINO,20.0,1/26/2018
2018-0013,1/28/2018,CONDUCTOR,MASCULINO,44.0,1/28/2018
2018-0014,1/31/2018,PEATON,MASCULINO,,2/4/2018
2018-0015,2/6/2018,CONDUCTOR,MASCULINO,28.0,2/6/2018
2018-0015,2/6/2018,PASAJERO,MASCULINO,19.0,2/6/2018
2018-0016,2/15/2018,CONDUCTOR,MASCULINO,31.0,2/15/2018
2018-0017,2/17/2018,PEATON,MASCULINO,35.0,2/20/2018
2018-0018,2/17/2018,CONDUCTOR,MASCULINO,26.0,2/17/2018
2018-0019,2/17/2018,PEATON,FEMENINO,80.0,2/17/2018
2018-0020,2/19/2018,CONDUCTOR,MASCULINO,26.0,2/19/2018
2018-0021,2/22/2018,PEATON,FEMENINO,62.0,2/22/2018
2018-0022,2/24/2018,CONDUCTOR,MASCULINO,28.0,2/24/2018
2018-0023,2/24/2018,CONDUCTOR,MASCULINO,28.0,2/24/2018
2018-0024,2/28/2018,PEATON,MASCULINO,70.0,2/28/2018
2018-0025,3/4/2018,PEATON,MASCULINO,70.0,3/5/2018
2018-0026,3/9/2018,CONDUCTOR,MASCULINO,24.0,3/9/2018
2018-0026,3/9/2018,PASAJERO,MASCULINO,30.0,3/9/2018
2018-0027,3/11/2018,PEATON,FEMENINO,74.0,3/11/2018
2018-0028,3/13/2018,PEATON,MASCULINO,71.0,3/13/2018
2018-0029,3/15/2018,CONDUCTOR,MASCULINO,26.0,3/15/2018
2018-0030,3/20/2018,CONDUCTOR,MASCULINO,24.0,3/20/2018
2018-0031,3/28/2018,CONDUCTOR,MASCULINO,31.0,3/28/2018
2018-0032,4/2/2018,PEATON,MASCULINO,70.0,4/2/2018
2018-0033,4/7/2018,CONDUCTOR,FEMENINO,42.0,4/10/2018
2018-0034,4/11/2018,PEATON,MASCULINO,24.0,4/11/2018
2018-0035,4/12/2018,PEATON,FEMENINO,39.0,4/12/2018
2018-0036,4/13/2018,CONDUCTOR,MASCULINO,37.0,4/15/2018
2018-0037,4/18/2018,PEATON,MASCULINO,84.0,4/19/2018
2018-0038,4/20/2018,PEATON,FEMENINO,59.0,4/20/2018
2018-0038,4/20/2018,PEATON,MASCULINO,61.0,4/20/2018
2018-0039,4/21/2018,PEATON,MASCULINO,37.0,4/21/2018
2018-0040,4/27/2018,PEATON,FEMENINO,,4/27/2018
2018-0041,4/27/2018,PEATON,FEMENINO,78.0,4/27/2018
2018-0042,4/27/2018,PASAJERO,MASCULINO,23.0,4/27/2018
2018-0043,4/28/2018,CONDUCTOR,MASCULINO,25.0,4/29/2018
2018-0044,4/28/2018,PEATON,FEMENINO,50.0,4/28/2018
2018-0045,4/30/2018,CONDUCTOR,MASCULINO,60.0,4/30/2018
2018-0046,5/2/2018,PEATON,MASCULINO,11.0,5/2/2018
2018-0047,5/8/2018,PEATON,MASCULINO,82.0,5/9/2018
2018-0048,5/9/2018,PEATON,MASCULINO,57.0,5/16/2018
2018-0049,5/11/2018,PEATON,FEMENINO,40.0,5/13/2018
2018-0050,5/14/2018,PEATON,FEMENINO,47.0,5/24/2018
2018-0051,5/15/2018,PEATON,FEMENINO,57.0,5/15/2018
2018-0052,5/18/2018,PEATON,MASCULINO,78.0,5/19/2018
2018-0053,5/20/2018,CONDUCTOR,MASCULINO,43.0,5/20/2018
2018-0054,5/22/2018,PEATON,FEMENINO,86.0,5/25/2018
2018-0055,5/29/2018,CONDUCTOR,MASCULINO,21.0,5/29/2018
2018-0056,6/2/2018,PEATON,FEMENINO,69.0,6/4/2018
2018-0057,6/3/2018,CONDUCTOR,MASCULINO,33.0,6/4/2018
2018-0058,6/3/2018,CONDUCTOR,MASCULINO,26.0,6/13/2018
2018-0059,6/8/2018,CONDUCTOR,MASCULINO,54.0,6/8/2018
2018-0060,6/8/2018,PEATON,MASCULINO,51.0,6/8/2018
2018-0061,6/10/2018,CONDUCTOR,MASCULINO,51.0,6/10/2018
2018-0062,6/14/2018,PEATON,MASCULINO,32.0,6/14/2018
2018-0063,6/16/2018,PEATON,FEMENINO,28.0,6/17/2018
2018-0064,6/25/2018,CONDUCTOR,MASCULINO,30.0,6/25/2018
2018-0065,6/26/2018,CONDUCTOR,MASCULINO,35.0,6/26/2018
2018-0066,6/28/2018,PEATON,MASCULINO,73.0,6/28/2018
2018-0067,6/29/2018,PASAJERO,FEMENINO,81.0,7/6/2018
2018-0068,7/1/2018,CONDUCTOR,MASCULINO,21.0,7/1/2018
2018-0069,7/4/2018,CICLISTA,MASCULINO,20.0,7/4/2018
2018-0070,7/7/2018,CONDUCTOR,MASCULINO,33.0,7/7/2018
2018-0071,7/10/2018,CONDUCTOR,MASCULINO,,7/10/2018
2018-0072,7/11/2018,CONDUCTOR,MASCULINO,27.0,7/13/2018
2018-0073,7/11/2018,PEATON,FEMENINO,67.0,7/11/2018
2018-0074,7/14/2018,CONDUCTOR,MASCULINO,25.0,7/14/2018
2018-0075,7/15/2018,PEATON,MASCULINO,23.0,7/15/2018
2018-0076,7/16/2018,CONDUCTOR,MASCULINO,73.0,7/16/2018
2018-0077,7/16/2018,CONDUCTOR,MASCULINO,58.0,7/17/2018
2018-0078,7/21/2018,PEATON,MASCULINO,27.0,7/21/2018
2018-0079,7/23/2018,PEATON,MASCULINO,,7/23/2018
2018-0080,7/25/2018,PEATON,MASCULINO,26.0,7/25/2018
2018-0081,7/29/2018,PEATON,MASCULINO,35.0,7/29/2018
2018-0082,8/1/2018,CONDUCTOR,FEMENINO,17.0,8/1/2018
2018-0083,8/2/2018,CONDUCTOR,MASCULINO,,8/2/2018
2018-0084,8/3/2018,PEATON,MASCULINO,45.0,8/3/2018
2018-0085,8/3/2018,PASAJERO,FEMENINO,22.0,8/3/2018
2018-0085,8/3/2018,CONDUCTOR,MASCULINO,30.0,8/3/2018
2018-0086,8/10/2018,PEATON,MASCULINO,40.0,8/10/2018
2018-0087,8/15/2018,PEATON,MASCULINO,75.0,8/20/2018
2018-0088,8/17/2018,CONDUCTOR,MASCULINO,,8/17/2018
2018-0089,8/17/2018,PEATON,MASCULINO,80.0,8/17/2018
2018-0090,8/18/2018,CONDUCTOR,MASCULINO,27.0,8/18/2018
2018-0091,8/19/2018,PASAJERO,FEMENINO,23.0,8/19/2018
2018-0092,8/20/2018,CONDUCTOR,MASCULINO,23.0,8/20/2018
2018-0093,8/20/2018,PEATON,MASCULINO,24.0,8/20/2018
2018-0094,8/23/2018,CONDUCTOR,MASCULINO,32.0,8/23/2018
2018-0095,8/26/2018,PASAJERO,FEMENINO,49.0,8/26/2018
2018-0096,8/31/2018,PEATON,MASCULINO,39.0,8/31/2018
2018-0097,9/2/2018,CONDUCTOR,FEMENINO,35.0,9/2/2018
2018-0098,9/9/2018,CONDUCTOR,MASCULINO,55.0,9/9/2018
2018-0098,9/9/2018,PASAJERO,MASCULINO,54.0,9/9/2018
2018-0099,9/12/2018,PEATON,MASCULINO,18.0,9/13/2018
2018-0100,9/20/2018,SD,FEMENINO,33.0,9/20/2018
2018-0101,9/21/2018,CONDUCTOR,MASCULINO,,9/21/2018
2018-0102,9/21/2018,CONDUCTOR,MASCULINO,20.0,9/21/2018
2018-0103,9/27/2018,PEATON,MASCULINO,1.0,9/29/2018
2018-0104,10/1/2018,CONDUCTOR,MASCULINO,22.0,10/1/2018
2018-0105,10/3/2018,PEATON,FEMENINO,56.0,10/3/2018
2018-0106,10/4/2018,CONDUCTOR,MASCULINO,27.0,10/4/2018
2018-0107,10/6/2018,PEATON,FEMENINO,62.0,10/6/2018
2018-0108,10/9/2018,CONDUCTOR,MASCULINO,37.0,10/10/2018
2018-0109,10/10/2018,PEATON,MASCULINO,34.0,10/10/2018
2018-0110,10/13/2018,PEATON,MASCULINO,60.0,10/14/2018
2018-0111,10/19/2018,CONDUCTOR,MASCULINO,28.0,10/19/2018
2018-0112,10/24/2018,CONDUCTOR,FEMENINO,28.0,10/24/2018
2018-0113,10/25/2018,CONDUCTOR,MASCULINO,20.0,10/25/2018
2018-0114,10/30/2018,CONDUCTOR,MASCULINO,23.0,10/30/2018
2018-0115,10/31/2018,PEATON,MASCULINO,42.0,11/1/2018
2018-0116,11/1/2018,PEATON,MASCULINO,48.0,11/8/2018
2018-0117,11/4/2018,CONDUCTOR,MASCULINO,30.0,11/8/2018
2018-0118,11/5/2018,PEATON,FEMENINO,80.0,11/5/2018
2018-0119,11/5/2018,PEATON,FEMENINO,32.0,11/6/2018
2018-0120,11/9/2018,PEATON,FEMENINO,51.0,11/20/2018
2018-0121,11/9/2018,PEATON,FEMENINO,72.0,11/9/2018
2018-0122,11/12/2018,CONDUCTOR,MASCULINO,33.0,11/12/2018
2018-0123,11/12/2018,CONDUCTOR,MASCULINO,25.0,11/12/2018
2018-0124,11/15/2018,CONDUCTOR,MASCULINO,44.0,11/15/2018
2018-0125,11/16/2018,PEATON,MASCULINO,29.0,11/17/2018
2018-0126,11/18/2018,CONDUCTOR,MASCULINO,27.0,11/23/2018
2018-0127,11/19/2018,CONDUCTOR,MASCULINO,29.0,11/19/2018
2018-0128,11/25/2018,PASAJERO,MASCULINO,49.0,11/25/2018
2018-0128,11/25/2018,PASAJERO,FEMENINO,39.0,11/25/2018
2018-0129,11/28/2018,CONDUCTOR,MASCULINO,37.0,11/30/2018
2018-0130,12/3/2018,CONDUCTOR,MASCULINO,,12/3/2018
2018-0131,12/7/2018,CONDUCTOR,MASCULINO,29.0,12/7/2018
2018-0132,12/12/2018,PEATON,MASCULINO,70.0,12/12/2018
2018-0133,12/12/2018,PEATON,FEMENINO,60.0,12/12/2018
2018-0134,12/12/2018,PEATON,MASCULINO,56.0,12/13/2018
2018-0135,12/18/2018,PEATON,MASCULINO,80.0,12/22/2018
2018-0136,12/18/2018,PEATON,FEMENINO,70.0,12/18/2018
2018-0137,12/18/2018,PASAJERO,MASCULINO,29.0,12/19/2018
2018-0138,12/21/2018,PASAJERO,FEMENINO,79.0,12/21/2018
2018-0139,12/22/2018,PASAJERO,MASCULINO,28.0,12/24/2018
2018-0140,12/22/2018,CONDUCTOR,MASCULINO,78.0,12/22/2018
2018-0141,12/22/2018,PEATON,MASCULINO,75.0,12/24/2018
2018-0142,12/25/2018,PASAJERO,MASCULINO,32.0,1/1/2019
2018-0143,12/29/2018,CONDUCTOR,MASCULINO,22.0,12/29/2018
2019-0001,1/8/2019,CONDUCTOR,MASCULINO,25.0,1/8/2019
2019-0002,1/9/2019,CONDUCTOR,MASCULINO,32.0,1/9/2019
2019-0003,1/12/2019,CONDUCTOR,MASCULINO,23.0,1/12/2019
2019-0004,1/14/2019,CONDUCTOR,MASCULINO,71.0,1/14/2019
2019-0005,1/19/2019,CONDUCTOR,MASCULINO,43.0,1/19/2019
2019-0006,1/23/2019,PEATON,FEMENINO,12.0,1/23/2019
2019-0007,1/26/2019,CONDUCTOR,MASCULINO,35.0,1/26/2019
2019-0008,1/30/2019,CONDUCTOR,MASCULINO,42.0,1/31/2019
2019-0009,1/31/2019,CONDUCTOR,MASCULINO,34.0,1/31/2019
2019-0010,2/2/2019,PEATON,MASCULINO,,2/2/2019
2019-0010,2/2/2019,PEATON,MASCULINO,59.0,2/2/2019
2019-0011,2/10/2019,PEATON,MASCULINO,,2/10/2019
2019-0012,2/17/2019,CONDUCTOR,MASCULINO,31.0,2/20/2019
2019-0013,2/20/2019,PEATON,MASCULINO,39.0,3/2/2019
2019-0014,2/20/2019,CONDUCTOR,MASCULINO,69.0,2/20/2019
2019-0015,2/23/2019,CONDUCTOR,MASCULINO,21.0,2/23/2019
2019-0016,2/24/2019,CONDUCTOR,MASCULINO,40.0,2/24/2019
2019-0017,3/3/2019,CONDUCTOR,MASCULINO,22.0,3/7/2019
2019-0018,3/3/2019,PEATON,FEMENINO,29.0,3/3/2019
2019-0019,3/6/2019,CONDUCTOR,MASCULINO,,26/03/2019
2019-0020,3/7/2019,CONDUCTOR,MASCULINO,43.0,3/7/2019
2019-0021,3/15/2019,CONDUCTOR,MASCULINO,23.0,3/16/2019
2019-0022,3/15/2019,PASAJERO,MASCULINO,,3/15/2019
2019-0023,3/16/2019,CONDUCTOR,MASCULINO,34.0,3/16/2019
2019-0024,3/19/2019,CONDUCTOR,MASCULINO,32.0,3/19/2019
2019-0025,3/22/2019,PEATON,MASCULINO,27.0,4/4/2019
2019-0026,3/28/2019,PEATON,MASCULINO,,3/28/2019
2019-0027,3/28/2019,CICLISTA,MASCULINO,37.0,3/28/2019
2019-0028,4/6/2019,PEATON,FEMENINO,,4/6/2019
2019-0029,4/7/2019,CONDUCTOR,MASCULINO,27.0,4/7/2019
2019-0030,4/9/2019,CONDUCTOR,MASCULINO,25.0,4/9/2019
2019-0031,4/12/2019,CICLISTA,MASCULINO,20.0,4/12/2019
2019-0032,4/16/2019,PEATON,FEMENINO,83.0,4/18/2019
2019-0033,4/18/2019,CONDUCTOR,MASCULINO,25.0,4/18/2019
2019-0034,4/21/2019,CONDUCTOR,MASCULINO,,4/21/2019
2019-0035,4/23/2019,PEATON,FEMENINO,75.0,4/23/2019
2019-0036,4/26/2019,CONDUCTOR,MASCULINO,34.0,5/2/2019
2019-0037,5/1/2019,CONDUCTOR,MASCULINO,17.0,5/1/2019
2019-0038,5/4/2019,PEATON,FEMENINO,42.0,5/5/2019
2019-0105,5/5/2019,PEATON,FEMENINO,82.0,5/8/2019
2019-0039,5/9/2019,CONDUCTOR,MASCULINO,28.0,5/9/2019
2019-0040,5/9/2019,CONDUCTOR,MASCULINO,44.0,5/15/2019
2019-0041,5/11/2019,PASAJERO,FEMENINO,78.0,5/11/2019
2019-0042,5/14/2019,PEATON,MASCULINO,39.0,5/14/2019
2019-0043,5/21/2019,CICLISTA,FEMENINO,,5/21/2019
2019-0044,5/27/2019,PEATON,FEMENINO,77.0,5/29/2019
2019-0045,6/3/2019,CONDUCTOR,MASCULINO,33.0,6/3/2019
2019-0046,6/4/2019,PASAJERO,FEMENINO,26.0,6/4/2019
2019-0047,6/6/2019,PEATON,MASCULINO,76.0,6/6/2019
2019-0048,6/7/2019,CONDUCTOR,MASCULINO,32.0,6/7/2019
2019-0049,6/8/2019,PEATON,FEMENINO,72.0,6/9/2019
2019-0050,6/8/2019,CONDUCTOR,MASCULINO,21.0,6/9/2019
2019-0051,6/11/2019,CONDUCTOR,MASCULINO,41.0,6/11/2019
2019-0053,6/14/2019,PASAJERO,MASCULINO,49.0,6/14/2019
2019-0054,6/20/2019,CONDUCTOR,MASCULINO,21.0,6/20/2019
2019-0055,6/20/2019,CONDUCTOR,MASCULINO,47.0,6/21/2019
2019-0056,6/29/2019,PEATON,FEMENINO,75.0,6/29/2019
2019-0057,7/5/2019,PEATON,FEMENINO,63.0,7/8/2019
2019-0058,7/10/2019,CONDUCTOR,MASCULINO,39.0,7/10/2019
2019-0059,7/13/2019,CONDUCTOR,MASCULINO,30.0,7/13/2019
2019-0060,7/17/2019,PEATON,FEMENINO,78.0,7/17/2019
2019-0061,7/17/2019,PEATON,FEMENINO,58.0,7/17/2019
2019-0062,8/1/2019,PEATON,FEMENINO,60.0,8/2/2019
2019-0063,8/4/2019,PASAJERO,MASCULINO,,8/4/2019
2019-0064,8/6/2019,CONDUCTOR,MASCULINO,20.0,8/6/2019
2019-0065,8/8/2019,PEATON,FEMENINO,55.0,8/9/2019
2019-0066,8/11/2019,PEATON,MASCULINO,40.0,8/11/2019
2019-0067,8/14/2019,CONDUCTOR,MASCULINO,35.0,8/14/2019
2019-0068,8/14/2019,CONDUCTOR,MASCULINO,53.0,8/14/2019
2019-0069,8/17/2019,CONDUCTOR,MASCULINO,43.0,8/17/2019
2019-0070,8/22/2019,CONDUCTOR,MASCULINO,25.0,8/22/2019
2019-0071,8/27/2019,PEATON,MASCULINO,,8/27/2019
2019-0072,8/28/2019,CONDUCTOR,MASCULINO,22.0,9/2/2019
2019-0073,8/29/2019,CONDUCTOR,MASCULINO,29.0,9/6/2019
2019-0074,8/29/2019,CONDUCTOR,MASCULINO,35.0,8/29/2019
2019-0075,8/30/2019,CONDUCTOR,MASCULINO,31.0,8/30/2019
2019-0076,9/5/2019,CONDUCTOR,FEMENINO,29.0,9/5/2019
2019-0077,9/8/2019,PEATON,FEMENINO,28.0,9/8/2019
2019-0078,9/12/2019,PEATON,FEMENINO,72.0,9/15/2019
2019-0079,9/17/2019,CONDUCTOR,MASCULINO,57.0,9/17/2019
2019-0080,9/17/2019,PEATON,MASCULINO,76.0,9/17/2019
2019-0081,9/23/2019,PEATON,MASCULINO,67.0,10/7/2019
2019-0082,9/25/2019,CICLISTA,MASCULINO,47.0,9/25/2019
2019-0083,9/26/2019,CONDUCTOR,MASCULINO,73.0,9/26/2019
2019-0084,9/27/2019,CICLISTA,FEMENINO,40.0,9/27/2019
2019-0085,10/9/2019,CICLISTA,MASCULINO,20.0,10/9/2019
2019-0086,10/15/2019,CONDUCTOR,MASCULINO,29.0,10/15/2019
2019-0087,10/21/2019,CONDUCTOR,MASCULINO,41.0,10/21/2019
2019-0088,10/22/2019,PEATON,MASCULINO,27.0,10/22/2019
2019-0089,10/23/2019,PEATON,FEMENINO,92.0,10/23/2019
2019-0090,10/24/2019,PEATON,MASCULINO,67.0,10/26/2019
2019-0091,11/1/2019,PEATON,MASCULINO,35.0,11/1/2019
2019-0092,11/3/2019,PEATON,MASCULINO,37.0,11/3/2019
2019-0093,11/13/2019,CICLISTA,MASCULINO,16.0,11/13/2019
2019-0094,11/18/2019,PASAJERO,FEMENINO,,11/18/2019
2019-0095,11/20/2019,CONDUCTOR,MASCULINO,,11/20/2019
2019-0096,11/22/2019,PEATON,MASCULINO,73.0,11/22/2019
2019-0097,11/25/2019,PASAJERO,FEMENINO,23.0,11/25/2019
2019-0098,11/25/2019,PASAJERO,FEMENINO,61.0,11/29/2019
2019-0100,12/5/2019,CONDUCTOR,MASCULINO,38.0,12/18/2019
2019-0101,12/17/2019,CONDUCTOR,MASCULINO,25.0,12/17/2019
2019-0102,12/17/2019,CONDUCTOR,MASCULINO,18.0,12/18/2019
2019-0103,12/18/2019,CONDUCTOR,MASCULINO,24.0,12/18/2019
2019-0104,12/21/2019,PASAJERO,FEMENINO,23.0,12/22/2019
2020-0001,1/4/2020,PEATON,FEMENINO,87.0,1/4/2020
2020-0002,1/5/2020,CONDUCTOR,MASCULINO,36.0,1/7/2020
2020-0003,1/11/2020,PEATON,MASCULINO,44.0,1/11/2020
2020-0004,1/14/2020,PEATON,MASCULINO,82.0,1/15/2020
2020-0005,1/14/2020,CONDUCTOR,MASCULINO,25.0,2/10/2020
2020-0006,1/20/2020,CONDUCTOR,MASCULINO,23.0,1/20/2020
2020-0007,1/27/2020,PEATON,MASCULINO,52.0,1/27/2020
2020-0008,1/30/2020,CONDUCTOR,MASCULINO,49.0,1/30/2020
2020-0009,2/4/2020,PEATON,MASCULINO,48.0,2/5/2020
2020-0010,2/8/2020,CONDUCTOR,MASCULINO,,2/8/2020
2020-0011,2/12/2020,CONDUCTOR,MASCULINO,31.0,2/12/2020
2020-0012,2/18/2020,PEATON,FEMENINO,66.0,2/18/2020
2020-0013,2/20/2020,PEATON,FEMENINO,58.0,3/3/2020
2020-0014,2/27/2020,CONDUCTOR,MASCULINO,,2/27/2020
2020-0015,2/28/2020,CONDUCTOR,MASCULINO,29.0,2/28/2020
2020-0016,2/29/2020,PEATON,MASCULINO,68.0,3/9/2020
2020-0017,3/5/2020,PEATON,MASCULINO,,3/5/2020
2020-0018,3/9/2020,CONDUCTOR,MASCULINO,31.0,3/9/2020
2020-0019,3/10/2020,PEATON,FEMENINO,80.0,3/10/2020
2020-0020,3/13/2020,PEATON,FEMENINO,74.0,3/17/2020
2020-0021,3/14/2020,PEATON,FEMENINO,87.0,3/14/2020
2020-0022,4/7/2020,PASAJERO,MASCULINO,44.0,4/7/2020
2020-0023,4/9/2020,CONDUCTOR,MASCULINO,44.0,5/3/2020
2020-0024,4/24/2020,CONDUCTOR,MASCULINO,53.0,4/24/2020
2020-0025,5/12/2020,PEATON,MASCULINO,,5/12/2020
2020-0026,5/17/2020,CONDUCTOR,MASCULINO,28.0,5/17/2020
2020-0027,5/18/2020,PEATON,MASCULINO,76.0,5/18/2020
2020-0028,5/19/2020,PEATON,MASCULINO,91.0,5/23/2020
2020-0029,6/10/2020,PEATON,MASCULINO,80.0,6/12/2020
2020-0030,6/16/2020,CONDUCTOR,MASCULINO,40.0,6/16/2020
2020-0031,6/30/2020,CONDUCTOR,MASCULINO,29.0,6/30/2020
2020-0032,7/10/2020,CONDUCTOR,MASCULINO,21.0,7/10/2020
2020-0033,7/19/2020,CONDUCTOR,MASCULINO,32.0,7/19/2020
2020-0034,8/2/2020,PEATON,FEMENINO,,8/2/2020
2020-0035,8/4/2020,CONDUCTOR,MASCULINO,40.0,8/4/2020
2020-0036,8/7/2020,PEATON,MASCULINO,72.0,8/22/2020
2020-0037,8/29/2020,PEATON,MASCULINO,38.0,8/29/2020
2020-0038,8/30/2020,CONDUCTOR,MASCULINO,46.0,8/30/2020
2020-0038,8/30/2020,CONDUCTOR,MASCULINO,64.0,8/30/2020
2020-0039,9/1/2020,PEATON,MASCULINO,44.0,9/1/2020
2020-0040,9/12/2020,CONDUCTOR,MASCULINO,,9/12/2020
2020-0041,9/28/2020,CONDUCTOR,MASCULINO,34.0,9/28/2020
2020-0042,9/29/2020,PEATON,FEMENINO,53.0,9/29/2020
2020-0043,9/30/2020,PEATON,MASCULINO,64.0,9/30/2020
2020-0044,10/5/2020,CONDUCTOR,MASCULINO,43.0,10/5/2020
2020-0045,10/19/2020,CONDUCTOR,MASCULINO,50.0,10/19/2020
2020-0046,10/27/2020,CONDUCTOR,MASCULINO,41.0,10/27/2020
2020-0047,10/27/2020,PEATON,MASCULINO,15.0,10/27/2020
2020-0048,10/29/2020,CONDUCTOR,MASCULINO,41.0,10/29/2020
2020-0049,10/30/2020,PEATON,MASCULINO,36.0,10/30/2020
2020-0050,11/1/2020,PEATON,FEMENINO,28.0,11/1/2020
2020-0051,11/5/2020,CONDUCTOR,MASCULINO,49.0,11/5/2020
2020-0052,11/7/2020,CICLISTA,MASCULINO,44.0,11/7/2020
2020-0053,11/9/2020,PASAJERO,MASCULINO,27.0,11/9/2020
2020-0054,11/19/2020,CICLISTA,MASCULINO,59.0,11/23/2020
2020-0055,11/19/2020,PEATON,MASCULINO,91.0,12/11/2020
2020-0056,11/21/2020,CONDUCTOR,FEMENINO,34.0,11/21/2020
2020-0057,11/23/2020,PEATON,MASCULINO,84.0,11/23/2020
2020-0058,11/24/2020,PEATON,MASCULINO,57.0,11/25/2020
2020-0059,12/1/2020,PEATON,FEMENINO,49.0,12/14/2020
2020-0060,12/3/2020,PEATON,FEMENINO,69.0,12/3/2020
2020-0061,12/3/2020,CONDUCTOR,MASCULINO,45.0,12/4/2020
2020-0062,12/4/2020,CICLISTA,MASCULINO,47.0,12/4/2020
2020-0063,12/5/2020,PEATON,MASCULINO,38.0,12/5/2020
2020-0063,12/5/2020,PASAJERO,MASCULINO,21.0,12/5/2020
2020-0065,12/5/2020,CONDUCTOR,MASCULINO,24.0,12/6/2020
2020-0066,12/7/2020,CONDUCTOR,MASCULINO,27.0,12/7/2020
2020-0067,12/11/2020,PEATON,MASCULINO,51.0,12/11/2020
2020-0068,12/12/2020,CONDUCTOR,MASCULINO,71.0,12/20/2020
2020-0069,12/15/2020,PASAJERO,MASCULINO,25.0,12/15/2020
2020-0070,12/17/2020,PEATON,FEMENINO,81.0,12/22/2020
2020-0071,12/17/2020,PEATON,MASCULINO,4.0,12/17/2020
2020-0072,12/19/2020,CICLISTA,MASCULINO,42.0,12/19/2020
2020-0073,12/20/2020,CONDUCTOR,MASCULINO,56.0,12/20/2020
2020-0074,12/20/2020,CONDUCTOR,MASCULINO,39.0,12/20/2020
2020-0075,12/23/2020,PEATON,MASCULINO,23.0,12/23/2020
2020-0076,12/24/2020,CONDUCTOR,FEMENINO,78.0,1/17/2021
2020-0077,12/25/2020,CONDUCTOR,FEMENINO,30.0,12/25/2020
2020-0077,12/25/2020,PASAJERO,FEMENINO,24.0,12/25/2020
2020-0078,12/25/2020,CICLISTA,MASCULINO,26.0,12/25/2020
2020-0079,12/27/2020,CONDUCTOR,MASCULINO,28.0,12/27/2020
2021-0001,1/6/2021,CONDUCTOR,MASCULINO,36.0,1/6/2021
2021-0002,1/7/2021,CONDUCTOR,FEMENINO,47.0,1/7/2021
2021-0003,1/10/2021,CONDUCTOR,MASCULINO,27.0,1/10/2021
2021-0004,1/11/2021,PEATON,FEMENINO,61.0,1/11/2021
2021-0005,1/11/2021,PEATON,MASCULINO,73.0,1/14/2021
2021-0006,1/12/2021,PASAJERO,FEMENINO,23.0,1/12/2021
2021-0007,1/18/2021,CONDUCTOR,MASCULINO,84.0,1/26/2021
2021-0008,1/22/2021,PEATON,MASCULINO,28.0,1/22/2021
2021-0009,1/23/2021,CONDUCTOR,MASCULINO,31.0,1/23/2021
2021-0010,1/23/2021,CONDUCTOR,MASCULINO,28.0,1/23/2021
2021-0011,1/27/2021,PEATON,MASCULINO,21.0,1/27/2021
2021-0012,1/29/2021,PEATON,MASCULINO,,1/29/2021
2021-0013,1/31/2021,CONDUCTOR,MASCULINO,41.0,1/31/2021
2021-0014,2/2/2021,PEATON,MASCULINO,28.0,2/18/2021
2021-0015,2/6/2021,CONDUCTOR,MASCULINO,26.0,2/6/2021
2021-0016,2/14/2021,CONDUCTOR,MASCULINO,22.0,2/14/2021
2021-0017,2/17/2021,CONDUCTOR,MASCULINO,33.0,2/17/2021
2021-0018,2/20/2021,PEATON,MASCULINO,36.0,3/8/2021
2021-0019,2/21/2021,CONDUCTOR,MASCULINO,30.0,2/21/2021
2021-0020,2/21/2021,PEATON,FEMENINO,,2/21/2021
2021-0021,2/26/2021,CONDUCTOR,MASCULINO,39.0,3/4/2021
2021-0022,2/28/2021,PASAJERO,MASCULINO,68.0,3/6/2021
2021-0023,3/1/2021,CONDUCTOR,MASCULINO,24.0,3/1/2021
2021-0024,3/3/2021,CICLISTA,MASCULINO,5.0,3/3/2021
2021-0025,3/11/2021,CONDUCTOR,MASCULINO,37.0,3/11/2021
2021-0026,3/15/2021,CONDUCTOR,MASCULINO,36.0,3/15/2021
2021-0027,3/16/2021,CONDUCTOR,FEMENINO,19.0,3/16/2021
2021-0028,3/29/2021,PEATON,MASCULINO,,3/29/2021
2021-0029,3/31/2021,CONDUCTOR,MASCULINO,26.0,4/2/2021
2021-0030,4/3/2021,PEATON,MASCULINO,36.0,4/7/2021
2021-0031,4/7/2021,PEATON,FEMENINO,68.0,4/11/2021
2021-0032,4/10/2021,PEATON,MASCULINO,60.0,4/29/2021
2021-0033,4/14/2021,CONDUCTOR,MASCULINO,33.0,4/14/2021
2021-0034,4/19/2021,PASAJERO,FEMENINO,26.0,4/19/2021
2021-0035,5/3/2021,CONDUCTOR,MASCULINO,24.0,5/3/2021
2021-0036,5/9/2021,CONDUCTOR,MASCULINO,36.0,5/9/2021
2021-0037,5/11/2021,PEATON,FEMENINO,58.0,5/11/2021
2021-0038,5/14/2021,CONDUCTOR,FEMENINO,44.0,5/14/2021
2021-0039,5/15/2021,CICLISTA,MASCULINO,86.0,6/5/2021
2021-0040,5/20/2021,CONDUCTOR,MASCULINO,27.0,5/20/2021
2021-0041,5/20/2021,PEATON,MASCULINO,75.0,5/20/2021
2021-0042,5/21/2021,PEATON,MASCULINO,39.0,5/21/2021
2021-0043,5/22/2021,PEATON,MASCULINO,50.0,5/22/2021
2021-0044,5/25/2021,PASAJERO,MASCULINO,21.0,5/25/2021
2021-0045,5/26/2021,CONDUCTOR,MASCULINO,22.0,5/26/2021
2021-0046,5/31/2021,PASAJERO,MASCULINO,20.0,5/31/2021
2021-0047,6/2/2021,CONDUCTOR,MASCULINO,59.0,6/2/2021
2021-0048,6/3/2021,CICLISTA,MASCULINO,44.0,6/23/2021
2021-0049,6/3/2021,CONDUCTOR,MASCULINO,74.0,6/3/2021
2021-0050,6/10/2021,CONDUCTOR,MASCULINO,56.0,6/10/2021
2021-0051,6/15/2021,PEATON,MASCULINO,73.0,6/16/2021
2021-0052,6/20/2021,PASAJERO,FEMENINO,19.0,6/20/2021
2021-0053,6/20/2021,PEATON,MASCULINO,58.0,6/30/2021
2021-0054,6/22/2021,CONDUCTOR,MASCULINO,41.0,6/22/2021
2021-0055,6/29/2021,PASAJERO,MASCULINO,47.0,6/29/2021
2021-0056,7/9/2021,CICLISTA,MASCULINO,60.0,7/9/2021
2021-0057,7/10/2021,CONDUCTOR,MASCULINO,46.0,7/10/2021
2021-0058,7/21/2021,PEATON,MASCULINO,24.0,7/21/2021
2021-0059,7/22/2021,PASAJERO,FEMENINO,44.0,7/22/2021
2021-0060,7/22/2021,PEATON,FEMENINO,80.0,7/22/2021
2021-0061,7/24/2021,PEATON,FEMENINO,55.0,7/24/2021
2021-0062,7/27/2021,CONDUCTOR,MASCULINO,73.0,7/27/2021
2021-0063,8/2/2021,PASAJERO,FEMENINO,31.0,8/2/2021
2021-0064,8/2/2021,PEATON,MASCULINO,37.0,8/3/2021
2021-0065,8/6/2021,PEATON,FEMENINO,63.0,8/10/2021
2021-0066,8/6/2021,PEATON,MASCULINO,59.0,8/9/2021
2021-0067,8/8/2021,CONDUCTOR,MASCULINO,27.0,8/8/2021
2021-0068,8/15/2021,CONDUCTOR,MASCULINO,39.0,8/15/2021
2021-0069,8/20/2021,PEATON,MASCULINO,17.0,8/21/2021
2021-0070,8/28/2021,CONDUCTOR,MASCULINO,31.0,8/28/2021
2021-0071,8/31/2021,PEATON,MASCULINO,88.0,9/1/2021
2021-0072,9/1/2021,PEATON,FEMENINO,57.0,9/1/2021
2021-0073,9/18/2021,CICLISTA,FEMENINO,76.0,9/18/2021
2021-0074,9/20/2021,CONDUCTOR,MASCULINO,55.0,9/20/2021
2021-0075,9/21/2021,PEATON,MASCULINO,65.0,9/21/2021
2021-0076,10/16/2021,CONDUCTOR,MASCULINO,31.0,10/16/2021
2021-0077,10/18/2021,CONDUCTOR,FEMENINO,31.0,10/18/2021
2021-0078,10/23/2021,CONDUCTOR,MASCULINO,22.0,10/23/2021
2021-0079,10/25/2021,PEATON,MASCULINO,,10/25/2021
2021-0080,10/28/2021,CONDUCTOR,MASCULINO,32.0,10/28/2021
2021-0081,11/2/2021,CONDUCTOR,MASCULINO,26.0,11/2/2021
2021-0082,11/6/2021,CONDUCTOR,MASCULINO,38.0,11/6/2021
2021-0083,11/9/2021,CONDUCTOR,MASCULINO,30.0,11/9/2021
2021-0084,11/11/2021,CONDUCTOR,MASCULINO,32.0,11/11/2021
2021-0097,11/18/2021,CICLISTA,MASCULINO,53.0,11/19/2021
2021-0085,11/20/2021,CONDUCTOR,MASCULINO,49.0,11/20/2021
2021-0086,11/25/2021,PEATON,MASCULINO,75.0,11/25/2021
2021-0087,11/27/2021,PEATON,FEMENINO,73.0,11/27/2021
2021-0088,12/1/2021,CONDUCTOR,MASCULINO,45.0,12/7/2021
2021-0089,12/2/2021,CONDUCTOR,MASCULINO,41.0,12/11/2021
2021-0090,12/10/2021,PEATON,MASCULINO,73.0,1/3/2022
2021-0091,12/11/2021,CONDUCTOR,MASCULINO,24.0,12/11/2021
2021-0092,12/12/2021,PEATON,FEMENINO,50.0,12/12/2021
2021-0093,12/13/2021,PASAJERO,FEMENINO,18.0,12/18/2021
2021-0094,12/20/2021,PASAJERO,FEMENINO,43.0,12/20/2021
2021-0095,12/30/2021,CONDUCTOR,MASCULINO,27.0,1/2/2022
2021-0096,12/15/2021,CONDUCTOR,MASCULINO,60.0,12/20/2021
